﻿Designator,Footprint,Quantity,Value,LCSC Part #
BOOT1,NanoT-AS,1,SW_Push,
"C1, C2",0402,2,15p,
"C10, C12, C13, C15, C16, C17, C19, C20, C21, C22, C3, C4, C5",0402,13,100n,
C11,0805,1,10u,
C14,0402,1,4.7u,
"C18, C23",0402,2,10u,
"C6, C7, C8",0402,3,1u,
CHR1,LED_VISHAY_TLMX1100_VIS,1,TLMS1100-GS08,
D1,D_SOD-323,1,1N4148WS,
D2,D_SOD-123,1,MBR0540,
D3,LED_WS2812B_PLCC4_5.0x5.0mm_P3.2mm,1,WS2812B,
J2,JST_PH_B2B-PH-K_1x02_P2.00mm_Vertical,1,Conn_01x02_Pin,
J3,GCT_USB4105-GF-A,1,USB4105-GF-A,
Q1,TRANS_DMG3415UFY4Q-7,1,DMG3415UFY4Q-7,
Q2,VESM_SOT-723_,1,SSM3K35AMFV_L3F,
"R1, R11, R14, R17, R18, R19, R20, R22, R3, R4, R5, R7",0402,12,10k,
"R10, R12",0402,2,5k,
R13,0402,1,5k6,
R15,0402,1,1M5,
R16,0402,1,750k,
"R2, R6",0402,2,1k,
"R8, R9",0402,2,27,
SW1,SH-7050B_NDC,1,SH-7050TB,
U1,SOIC-8_5.23x5.23mm_P1.27mm,1,W25Q128JVS,
U2,QFN-56-1EP_7x7mm_P0.4mm_EP3.2x3.2mm,1,RP2040,
U3,SOT-23-5,1,AP2112K-3.3,
U4,SOT-23-5,1,MCP73831-2-OT,
U5,XDCR_DPS310XTSA1,1,DPS310XTSA1,
Y1,Crystal_SMD_3225-4Pin_3.2x2.5mm,1,ABM8-272-T3,
